source_ip,status
220.194.118.230,BLOCK
119.3.227.186,ALLOW
183.239.129.185,ALLOW
110.249.194.67,ALLOW
20.189.173.26,ALLOW
120.232.239.9,ALLOW
120.232.239.13,ALLOW
120.232.239.11,ALLOW
120.232.63.114,ALLOW
120.241.118.152,ALLOW
183.239.129.184,ALLOW
120.92.210.170,ALLOW
121.36.38.147,ALLOW
120.232.63.115,ALLOW
120.241.118.153,ALLOW
120.241.118.6,ALLOW
61.179.132.246,ALLOW
120.232.239.80,ALLOW
113.240.75.252,ALLOW
120.53.82.22,ALLOW
120.240.88.149,ALLOW
120.226.24.184,ALLOW
124.236.26.172,ALLOW
116.162.172.45,ALLOW
116.162.172.37,ALLOW
1.92.110.60,ALLOW
116.130.196.135,ALLOW
113.240.75.249,ALLOW
34.120.132.20,ALLOW
120.233.205.148,ALLOW
120.233.205.146,ALLOW
114.116.231.52,ALLOW
119.3.210.249,ALLOW
72.25.64.32,ALLOW
4.241.22.149,ALLOW
20.187.186.89,ALLOW
